year,topic,gallup_series,series_id,pct_positive,lag_pct_positive,objective_zscore,match_strength,party_owns_issue,president_party,unified_govt,owner_is_president,owner_has_unified,first_year_term,policy_mood_adjusted,pres_approval_net,event_defense_war,event_cold_war,event_crime,event_race_progress,event_race_police
1956,amount_of_tax,amount_of_tax,1,35,NA,NA,NA,R,R,0,1,0,0,0.07504289614610613,56.38461538461539,0,0,0,0,0
1957,amount_of_tax,amount_of_tax,1,31,35,NA,NA,R,R,0,1,0,0,-0.6299771662078799,42.6,0,0,0,0,0
1959,amount_of_tax,amount_of_tax,1,40,31,NA,NA,R,R,0,1,0,0,0.8352949449517858,41.642857142857146,0,0,0,0,0
1961,amount_of_tax,amount_of_tax,1,45,40,NA,NA,R,D,1,0,0,1,1.5684724905948717,66.57142857142857,0,0,0,0,0
1962,amount_of_tax,amount_of_tax,1,32,45,NA,NA,R,D,1,0,0,0,1.5959801858080676,55.15384615384615,0,0,0,0,0
1963,amount_of_tax,amount_of_tax,1,38,32,NA,NA,R,D,1,0,0,0,0.9007069445926164,44,0,0,0,0,0
1964,amount_of_tax,amount_of_tax,1,35,38,NA,NA,R,D,1,0,0,0,0.11316379659904093,62.714285714285715,0,0,0,0,0
1966,amount_of_tax,amount_of_tax,1,39,35,NA,NA,R,D,1,0,0,0,-0.0854547586017596,15.25,0,0,0,0,0
1967,amount_of_tax,amount_of_tax,1,38,39,NA,NA,R,D,1,0,0,0,-0.1714433806461624,1.9411764705882353,0,0,0,0,0
1969,amount_of_tax,amount_of_tax,1,25,38,NA,NA,R,R,0,1,0,1,-1.618088233629963,42.78947368421053,0,0,0,0,0
1973,amount_of_tax,amount_of_tax,1,28,25,NA,NA,R,R,0,1,0,0,-0.5686804910477635,-5.6,0,0,0,0,0
1982,amount_of_tax,amount_of_tax,1,32,28,0.04321948748537878,strong,R,R,0,1,0,0,-1.6553427499816935,-2.1052631578947367,0,0,0,0,0
1985,amount_of_tax,amount_of_tax,1,32,32,-0.02160974374269054,strong,R,R,0,1,0,0,-0.6145988484115246,29.866666666666667,0,0,0,0,0
1990,amount_of_tax,amount_of_tax,1,31,32,-0.4754143623391689,strong,R,R,0,1,0,0,0.4475880596634193,43.793103448275865,0,0,0,0,0
1991,amount_of_tax,amount_of_tax,1,37,31,-0.4105851311111019,strong,R,R,0,1,0,0,0.6264963765618501,50.714285714285715,0,0,0,0,0
1992,amount_of_tax,amount_of_tax,1,39,37,-0.4105851311111019,strong,R,R,0,1,0,0,0.6925581642785829,-11.928571428571429,0,0,0,0,0
1993,amount_of_tax,amount_of_tax,1,41,39,-0.7347312872514439,strong,R,D,1,0,0,1,0.04926796913531531,7.928571428571429,0,0,0,0,0
1994,amount_of_tax,amount_of_tax,1,30,41,-0.9940482121637164,strong,R,D,1,0,0,0,-0.7727139468810829,0.3793103448275862,0,0,0,0,0
1996,amount_of_tax,amount_of_tax,1,33,30,-1.2533651370759893,strong,R,D,0,0,0,0,-1.133346329006854,16.625,0,0,0,0,0
1997,amount_of_tax,amount_of_tax,1,38,33,-1.318194368304059,strong,R,D,0,0,0,0,-0.5792936962875008,24.894736842105264,0,0,0,0,0
1998,amount_of_tax,amount_of_tax,1,31,38,-1.123706674619853,strong,R,D,0,0,0,0,-0.5565511136309198,32.03225806451613,0,0,0,0,0
1999,amount_of_tax,amount_of_tax,1,28,31,-1.318194368304059,strong,R,D,0,0,0,0,-0.3094150487627489,26.323529411764707,0,0,0,0,0
2000,amount_of_tax,amount_of_tax,1,33,28,-1.3830235995321278,strong,R,D,0,0,0,0,-0.279957989321846,23.821428571428573,0,0,0,0,0
2001,amount_of_tax,amount_of_tax,1,31,33,-0.4105851311111019,strong,R,R,0,1,0,1,-0.45236842546125366,41.84848484848485,0,0,0,0,0
2003,amount_of_tax,amount_of_tax,1,46,31,0.6915117997660628,strong,R,R,1,1,1,0,1.033696904127286,25.07317073170732,0,0,0,0,0
2004,amount_of_tax,amount_of_tax,1,43,46,0.4321948748537878,strong,R,R,1,1,1,0,0.6466398069148218,4.742857142857143,0,0,0,0,0
2005,amount_of_tax,amount_of_tax,1,44,43,0.1080487187134458,strong,R,R,1,1,1,0,1.1400455525499595,-4.261904761904762,0,0,0,0,0
2006,amount_of_tax,amount_of_tax,1,44,44,0.04321948748537878,strong,R,R,1,1,1,0,0.9269150636540092,-19.833333333333332,0,0,0,0,0
2007,amount_of_tax,amount_of_tax,1,41,44,0.30253641239765144,strong,R,R,0,1,0,0,0.9117533418829558,-28.51851851851852,0,0,0,0,0
2008,amount_of_tax,amount_of_tax,1,42,41,1.5991210369590194,strong,R,R,0,1,0,0,0.8387604813565992,-35.333333333333336,0,0,0,0,0
2009,amount_of_tax,amount_of_tax,1,48,42,1.9880964243274308,strong,R,D,1,0,0,1,0.9225831431479932,22.54901960784314,0,0,0,0,0
2010,amount_of_tax,amount_of_tax,1,45,48,1.5342918057309505,strong,R,D,1,0,0,0,0.24355460383009991,1.0576923076923077,0,0,0,0,0
2011,amount_of_tax,amount_of_tax,1,43,45,1.7287794994151555,strong,R,D,0,0,0,0,0.3442717555949557,-2.5384615384615383,0,0,0,0,0
2012,amount_of_tax,amount_of_tax,1,47,43,1.3398041120467468,strong,R,D,0,0,0,0,0.2268767098819415,2.509433962264151,0,0,0,0,0
2013,amount_of_tax,amount_of_tax,1,45,47,0.17287794994151512,strong,R,D,0,0,0,0,0.07764204844971538,-0.17647058823529413,0,0,0,0,0
2014,amount_of_tax,amount_of_tax,1,42,45,-0.1512682061988269,strong,R,D,0,0,0,0,-0.11296245381495712,-9.566037735849056,0,0,0,0,0
2015,amount_of_tax,amount_of_tax,1,42,42,-0.08643897497075986,strong,R,D,0,0,0,0,-0.14653483773657572,-2.8846153846153846,0,0,0,0,0
2016,amount_of_tax,amount_of_tax,1,37,42,0.04321948748537878,strong,R,D,0,0,0,0,0.3598666694166097,7.096153846153846,0,0,0,0,0
2017,amount_of_tax,amount_of_tax,1,42,37,0.17287794994151512,strong,R,R,1,1,1,1,1.472303855361332,-15.403846153846152,0,0,0,0,0
2018,amount_of_tax,amount_of_tax,1,48,42,1.0156579559064047,strong,R,R,1,1,1,0,1.5838508083912255,-14.490196078431373,0,0,0,0,0
2019,amount_of_tax,amount_of_tax,1,48,48,1.080487187134472,strong,R,R,0,1,0,0,1.849830727460562,-12.80952380952381,0,0,0,0,0
2020,amount_of_tax,amount_of_tax,1,48,48,2.960534892748457,strong,R,R,0,1,0,0,2.1820890302719347,-8.31578947368421,0,0,0,0,0
2021,amount_of_tax,amount_of_tax,1,44,48,NA,NA,R,D,1,0,0,1,1.6276032055019791,2.1538461538461537,0,0,0,0,0
2022,amount_of_tax,amount_of_tax,1,41,44,NA,NA,R,D,1,0,0,0,1.7348182380258583,-14.636363636363637,0,0,0,0,0
2023,amount_of_tax,amount_of_tax,1,36,41,NA,NA,R,D,0,0,0,0,NA,-16.583333333333332,0,0,0,0,0
2024,amount_of_tax,amount_of_tax,1,36,36,NA,NA,R,D,0,0,0,0,NA,-15.5,0,0,0,0,0
2025,amount_of_tax,amount_of_tax,1,38,36,NA,NA,R,R,1,1,1,1,NA,-7.75,0,0,0,0,0
2001,amount_of_tax,satisfied_amount_fed_tax,10,26,NA,-0.4105851311111019,strong,R,R,0,1,0,1,-0.45236842546125366,41.84848484848485,0,0,0,0,0
2002,amount_of_tax,satisfied_amount_fed_tax,10,38,26,0.1080487187134458,strong,R,R,0,1,0,0,0.34102281521544414,49.84444444444444,0,0,0,0,0
2003,amount_of_tax,satisfied_amount_fed_tax,10,33,38,0.6915117997660628,strong,R,R,1,1,1,0,1.033696904127286,25.07317073170732,0,0,0,0,0
2004,amount_of_tax,satisfied_amount_fed_tax,10,34,33,0.4321948748537878,strong,R,R,1,1,1,0,0.6466398069148218,4.742857142857143,0,0,0,0,0
2005,amount_of_tax,satisfied_amount_fed_tax,10,38,34,0.1080487187134458,strong,R,R,1,1,1,0,1.1400455525499595,-4.261904761904762,0,0,0,0,0
2006,amount_of_tax,satisfied_amount_fed_tax,10,38,38,0.04321948748537878,strong,R,R,1,1,1,0,0.9269150636540092,-19.833333333333332,0,0,0,0,0
2007,amount_of_tax,satisfied_amount_fed_tax,10,40,38,0.30253641239765144,strong,R,R,0,1,0,0,0.9117533418829558,-28.51851851851852,0,0,0,0,0
2008,amount_of_tax,satisfied_amount_fed_tax,10,34,40,1.5991210369590194,strong,R,R,0,1,0,0,0.8387604813565992,-35.333333333333336,0,0,0,0,0
2012,amount_of_tax,satisfied_amount_fed_tax,10,33,34,1.3398041120467468,strong,R,D,0,0,0,0,0.2268767098819415,2.509433962264151,0,0,0,0,0
2013,amount_of_tax,satisfied_amount_fed_tax,10,36,33,0.17287794994151512,strong,R,D,0,0,0,0,0.07764204844971538,-0.17647058823529413,0,0,0,0,0
2014,amount_of_tax,satisfied_amount_fed_tax,10,38,36,-0.1512682061988269,strong,R,D,0,0,0,0,-0.11296245381495712,-9.566037735849056,0,0,0,0,0
2015,amount_of_tax,satisfied_amount_fed_tax,10,32,38,-0.08643897497075986,strong,R,D,0,0,0,0,-0.14653483773657572,-2.8846153846153846,0,0,0,0,0
2016,amount_of_tax,satisfied_amount_fed_tax,10,36,32,0.04321948748537878,strong,R,D,0,0,0,0,0.3598666694166097,7.096153846153846,0,0,0,0,0
2017,amount_of_tax,satisfied_amount_fed_tax,10,39,36,0.17287794994151512,strong,R,R,1,1,1,1,1.472303855361332,-15.403846153846152,0,0,0,0,0
2018,amount_of_tax,satisfied_amount_fed_tax,10,36,39,1.0156579559064047,strong,R,R,1,1,1,0,1.5838508083912255,-14.490196078431373,0,0,0,0,0
2019,amount_of_tax,satisfied_amount_fed_tax,10,40,36,1.080487187134472,strong,R,R,0,1,0,0,1.849830727460562,-12.80952380952381,0,0,0,0,0
2020,amount_of_tax,satisfied_amount_fed_tax,10,37,40,2.960534892748457,strong,R,R,0,1,0,0,2.1820890302719347,-8.31578947368421,0,0,0,0,0
2021,amount_of_tax,satisfied_amount_fed_tax,10,36,37,NA,NA,R,D,1,0,0,1,1.6276032055019791,2.1538461538461537,0,0,0,0,0
2022,amount_of_tax,satisfied_amount_fed_tax,10,31,36,NA,NA,R,D,1,0,0,0,1.7348182380258583,-14.636363636363637,0,0,0,0,0
2023,amount_of_tax,satisfied_amount_fed_tax,10,26,31,NA,NA,R,D,0,0,0,0,NA,-16.583333333333332,0,0,0,0,0
2024,amount_of_tax,satisfied_amount_fed_tax,10,27,26,NA,NA,R,D,0,0,0,0,NA,-15.5,0,0,0,0,0
2025,amount_of_tax,satisfied_amount_fed_tax,10,26,27,NA,NA,R,R,1,1,1,1,NA,-7.75,0,0,0,0,0
1963,black_white_race_relations,black_white_always_problem,11,55,NA,NA,NA,D,D,1,1,1,0,-0.9007069445926164,44,0,0,0,1,0
1993,black_white_race_relations,black_white_always_problem,11,44,55,-0.9908762428220942,weak,D,D,1,1,1,1,-0.04926796913531531,7.928571428571429,0,0,0,0,0
1995,black_white_race_relations,black_white_always_problem,11,29,44,-1.429276588240922,weak,D,D,0,1,0,0,1.298825692336638,4.318181818181818,0,0,0,0,0
1997,black_white_race_relations,black_white_always_problem,11,42,29,-1.3768555780937586,weak,D,D,0,1,0,0,0.5792936962875008,24.894736842105264,0,0,0,0,0
1998,black_white_race_relations,black_white_always_problem,11,41,42,-1.0033850846810357,weak,D,D,0,1,0,0,0.5565511136309198,32.03225806451613,0,0,0,0,0
1999,black_white_race_relations,black_white_always_problem,11,44,41,-0.8579707734767055,weak,D,D,0,1,0,0,0.3094150487627489,26.323529411764707,0,0,0,0,0
2001,black_white_race_relations,black_white_always_problem,11,48,44,-0.7370838006865846,weak,D,R,0,0,0,1,0.45236842546125366,41.84848484848485,0,0,0,0,0
2002,black_white_race_relations,black_white_always_problem,11,50,48,0.06776225246821811,weak,D,R,0,0,0,0,-0.34102281521544414,49.84444444444444,0,0,0,0,0
2004,black_white_race_relations,black_white_always_problem,11,51,50,-0.27719596514265515,weak,D,R,1,0,0,0,-0.6466398069148218,4.742857142857143,0,0,0,0,0
2005,black_white_race_relations,black_white_always_problem,11,50,51,-0.15078514447620975,weak,D,R,1,0,0,0,-1.1400455525499595,-4.261904761904762,0,0,0,0,0
2006,black_white_race_relations,black_white_always_problem,11,54,50,0.03436955490144312,weak,D,R,1,0,0,0,-0.9269150636540092,-19.833333333333332,0,0,0,0,0
2007,black_white_race_relations,black_white_always_problem,11,54,54,-0.13586475537121445,weak,D,R,0,0,0,0,-0.9117533418829558,-28.51851851851852,0,0,0,0,0
2008,black_white_race_relations,black_white_always_problem,11,67,54,-0.36185820610781994,weak,D,R,0,0,0,0,-0.8387604813565992,-35.333333333333336,0,0,0,0,0
2009,black_white_race_relations,black_white_always_problem,11,56,67,0.6254588270754913,weak,D,D,1,1,1,1,-0.9225831431479932,22.54901960784314,0,0,0,0,0
2011,black_white_race_relations,black_white_always_problem,11,52,56,0.9483935943036952,weak,D,D,0,1,0,0,-0.3442717555949557,-2.5384615384615383,0,0,0,0,0
2013,black_white_race_relations,black_white_always_problem,11,58,52,1.227082345740837,weak,D,D,0,1,0,0,-0.07764204844971538,-0.17647058823529413,0,0,0,0,0
2015,black_white_race_relations,black_white_always_problem,11,58,58,1.4888658037817906,weak,D,D,0,1,0,0,0.14653483773657572,-2.8846153846153846,0,0,0,0,0
2016,black_white_race_relations,black_white_always_problem,11,58,58,1.4671002324196905,weak,D,D,0,1,0,0,-0.3598666694166097,7.096153846153846,0,0,0,0,0
2018,black_white_race_relations,black_white_always_problem,11,57,58,1.2592943688764593,weak,D,R,1,0,0,0,-1.5838508083912255,-14.490196078431373,0,0,0,0,0
2020,black_white_race_relations,black_white_always_problem,11,59,57,-1.474749750354214,weak,D,R,0,0,0,0,-2.1820890302719347,-8.31578947368421,0,0,0,0,1
2021,black_white_race_relations,black_white_always_problem,11,57,59,-0.7461346214678062,weak,D,D,1,1,1,1,-1.6276032055019791,2.1538461538461537,0,0,0,0,0
2025,black_white_race_relations,black_white_always_problem,11,62,57,0.6874533570706594,weak,D,R,1,0,0,1,NA,-7.75,0,0,0,0,0
2001,black_white_race_relations,black_white_race_relations,2,63,NA,-0.7370838006865846,weak,D,R,0,0,0,1,0.45236842546125366,41.84848484848485,0,0,0,0,0
2002,black_white_race_relations,black_white_race_relations,2,69,63,0.06776225246821811,weak,D,R,0,0,0,0,-0.34102281521544414,49.84444444444444,0,0,0,0,0
2003,black_white_race_relations,black_white_race_relations,2,68,69,0.02009325253737799,weak,D,R,1,0,0,0,-1.033696904127286,25.07317073170732,0,0,0,0,0
2004,black_white_race_relations,black_white_race_relations,2,72,68,-0.27719596514265515,weak,D,R,1,0,0,0,-0.6466398069148218,4.742857142857143,0,0,0,0,0
2005,black_white_race_relations,black_white_race_relations,2,68,72,-0.15078514447620975,weak,D,R,1,0,0,0,-1.1400455525499595,-4.261904761904762,0,0,0,0,0
2006,black_white_race_relations,black_white_race_relations,2,64,68,0.03436955490144312,weak,D,R,1,0,0,0,-0.9269150636540092,-19.833333333333332,0,0,0,0,0
2007,black_white_race_relations,black_white_race_relations,2,71,64,-0.13586475537121445,weak,D,R,0,0,0,0,-0.9117533418829558,-28.51851851851852,0,0,0,0,0
2008,black_white_race_relations,black_white_race_relations,2,68,71,-0.36185820610781994,weak,D,R,0,0,0,0,-0.8387604813565992,-35.333333333333336,0,0,0,0,0
2013,black_white_race_relations,black_white_race_relations,2,70,68,1.227082345740837,weak,D,D,0,1,0,0,-0.07764204844971538,-0.17647058823529413,0,0,0,0,0
2015,black_white_race_relations,black_white_race_relations,2,47,70,1.4888658037817906,weak,D,D,0,1,0,0,0.14653483773657572,-2.8846153846153846,0,0,0,0,0
2016,black_white_race_relations,black_white_race_relations,2,53,47,1.4671002324196905,weak,D,D,0,1,0,0,-0.3598666694166097,7.096153846153846,0,0,0,0,0
2018,black_white_race_relations,black_white_race_relations,2,51,53,1.2592943688764593,weak,D,R,1,0,0,0,-1.5838508083912255,-14.490196078431373,0,0,0,0,0
2020,black_white_race_relations,black_white_race_relations,2,44,51,-1.474749750354214,weak,D,R,0,0,0,0,-2.1820890302719347,-8.31578947368421,0,0,0,0,1
2021,black_white_race_relations,black_white_race_relations,2,42,44,-0.7461346214678062,weak,D,D,1,1,1,1,-1.6276032055019791,2.1538461538461537,0,0,0,0,0
2025,black_white_race_relations,black_white_race_relations,2,53,42,0.6874533570706594,weak,D,R,1,0,0,1,NA,-7.75,0,0,0,0,0
1969,defense_spending,defense_spending,3,31,NA,1.755331080944671,weak,R,R,0,1,0,1,-1.618088233629963,42.78947368421053,1,0,0,0,0
1971,defense_spending,defense_spending,3,31,31,0.8639405374172336,weak,R,R,0,1,0,0,0.5030366421404148,13,0,0,0,0,0
1973,defense_spending,defense_spending,3,30,31,0.3106040683474754,weak,R,R,0,1,0,0,-0.5686804910477635,-5.6,0,0,0,0,0
1976,defense_spending,defense_spending,3,32,30,-0.06004477910146945,weak,R,R,0,1,0,0,-0.9299626612494368,8.444444444444445,0,0,0,0,0
1981,defense_spending,defense_spending,3,22,32,0.1801651920443418,weak,R,R,0,1,0,1,-1.6380150679576329,29.05263157894737,0,0,0,0,0
1982,defense_spending,defense_spending,3,31,22,0.7959007010361541,weak,R,R,0,1,0,0,-1.6553427499816935,-2.1052631578947367,0,0,0,0,0
1983,defense_spending,defense_spending,3,36,31,0.5359436838778251,weak,R,R,0,1,0,0,-0.7034032187848385,-1.8636363636363635,0,0,0,0,0
1985,defense_spending,defense_spending,3,36,36,0.6055986134622928,weak,R,R,0,1,0,0,-0.6145988484115246,29.866666666666667,0,0,0,0,0
1986,defense_spending,defense_spending,3,36,36,0.696997022263145,weak,R,R,0,1,0,0,-0.45886630622027685,31.23076923076923,0,0,0,0,0
1987,defense_spending,defense_spending,3,36,36,0.588223672799948,weak,R,R,0,1,0,0,-0.03390490458017798,5.545454545454546,0,0,0,0,0
1990,defense_spending,defense_spending,3,36,36,0.1583492210416378,weak,R,R,0,1,0,0,0.4475880596634193,43.793103448275865,0,1,0,0,0
1993,defense_spending,defense_spending,3,38,36,-0.3694753018587491,weak,R,D,1,0,0,1,0.04926796913531531,7.928571428571429,0,0,0,0,0
1998,defense_spending,defense_spending,3,45,38,-1.1092928635624375,weak,R,D,0,0,0,0,-0.5565511136309198,32.03225806451613,0,0,0,0,0
1999,defense_spending,defense_spending,3,35,45,-1.1704076553808802,weak,R,D,0,0,0,0,-0.3094150487627489,26.323529411764707,0,0,0,0,0
2000,defense_spending,defense_spending,3,34,35,-1.1563973632788789,weak,R,D,0,0,0,0,-0.279957989321846,23.821428571428573,0,0,0,0,0
2001,defense_spending,defense_spending,3,38,34,-1.1502967038075662,weak,R,R,0,1,0,1,-0.45236842546125366,41.84848484848485,1,0,0,0,0
2002,defense_spending,defense_spending,3,48,38,-0.9795236320735864,weak,R,R,0,1,0,0,0.34102281521544414,49.84444444444444,1,0,0,0,0
2003,defense_spending,defense_spending,3,44,48,-0.77935669520368,weak,R,R,1,1,1,0,1.033696904127286,25.07317073170732,1,0,0,0,0
2004,defense_spending,defense_spending,3,45,44,-0.6796000932426651,weak,R,R,1,1,1,0,0.6466398069148218,4.742857142857143,1,0,0,0,0
2005,defense_spending,defense_spending,3,38,45,-0.6411433102971561,weak,R,R,1,1,1,0,1.1400455525499595,-4.261904761904762,0,0,0,0,0
2006,defense_spending,defense_spending,3,40,38,-0.6663997647681023,weak,R,R,1,1,1,0,0.9269150636540092,-19.833333333333332,0,0,0,0,0
2007,defense_spending,defense_spending,3,35,40,-0.6495189716499253,weak,R,R,0,1,0,0,0.9117533418829558,-28.51851851851852,0,0,0,0,0
2008,defense_spending,defense_spending,3,30,35,-0.4526735012214567,weak,R,R,0,1,0,0,0.8387604813565992,-35.333333333333336,0,0,0,0,0
2009,defense_spending,defense_spending,3,41,30,-0.2263322845675245,weak,R,D,1,0,0,1,0.9225831431479932,22.54901960784314,0,0,0,0,0
2010,defense_spending,defense_spending,3,36,41,-0.2114310824718585,weak,R,D,1,0,0,0,0.24355460383009991,1.0576923076923077,0,0,0,0,0
2011,defense_spending,defense_spending,3,35,36,-0.25445605514989605,weak,R,D,0,0,0,0,0.3442717555949557,-2.5384615384615383,0,0,0,0,0
2012,defense_spending,defense_spending,3,32,35,-0.4447023011490424,weak,R,D,0,0,0,0,0.2268767098819415,2.509433962264151,0,0,0,0,0
2013,defense_spending,defense_spending,3,36,32,-0.6757011728231467,weak,R,D,0,0,0,0,0.07764204844971538,-0.17647058823529413,0,0,0,0,0
2014,defense_spending,defense_spending,3,32,36,-0.8575384180194973,weak,R,D,0,0,0,0,-0.11296245381495712,-9.566037735849056,0,0,0,0,0
2015,defense_spending,defense_spending,3,29,32,-0.9706240267287948,weak,R,D,0,0,0,0,-0.14653483773657572,-2.8846153846153846,0,0,0,0,0
2016,defense_spending,defense_spending,3,27,29,-1.0032644695348936,weak,R,D,0,0,0,0,0.3598666694166097,7.096153846153846,0,0,0,0,0
2017,defense_spending,defense_spending,3,28,27,-1.0585764656291945,weak,R,R,1,1,1,1,1.472303855361332,-15.403846153846152,0,0,0,0,0
2018,defense_spending,defense_spending,3,31,28,-1.0552660147707214,weak,R,R,1,1,1,0,1.5838508083912255,-14.490196078431373,0,0,0,0,0
2019,defense_spending,defense_spending,3,43,31,-0.9997775035447112,weak,R,R,0,1,0,0,1.849830727460562,-12.80952380952381,0,0,0,0,0
2020,defense_spending,defense_spending,3,50,43,-0.8753275803583253,weak,R,R,0,1,0,0,2.1820890302719347,-8.31578947368421,0,0,0,0,0
2021,defense_spending,defense_spending,3,42,50,-1.0022531581171787,weak,R,D,1,0,0,1,1.6276032055019791,2.1538461538461537,0,0,0,0,0
2022,defense_spending,defense_spending,3,34,42,-1.0523777038135906,weak,R,D,1,0,0,0,1.7348182380258583,-14.636363636363637,0,0,0,0,0
2023,defense_spending,defense_spending,3,37,34,-1.055033383821795,weak,R,D,0,0,0,0,NA,-16.583333333333332,0,0,0,0,0
2024,defense_spending,defense_spending,3,33,37,-0.9945023182238896,weak,R,D,0,0,0,0,NA,-15.5,0,0,0,0,0
2001,defense_spending,satisfied_military_preparedness,12,61,NA,-1.1502967038075662,weak,R,R,0,1,0,1,-0.45236842546125366,41.84848484848485,1,0,0,0,0
2002,defense_spending,satisfied_military_preparedness,12,79,61,-0.9795236320735864,weak,R,R,0,1,0,0,0.34102281521544414,49.84444444444444,1,0,0,0,0
2003,defense_spending,satisfied_military_preparedness,12,83,79,-0.77935669520368,weak,R,R,1,1,1,0,1.033696904127286,25.07317073170732,1,0,0,0,0
2004,defense_spending,satisfied_military_preparedness,12,81,83,-0.6796000932426651,weak,R,R,1,1,1,0,0.6466398069148218,4.742857142857143,1,0,0,0,0
2005,defense_spending,satisfied_military_preparedness,12,66,81,-0.6411433102971561,weak,R,R,1,1,1,0,1.1400455525499595,-4.261904761904762,0,0,0,0,0
2006,defense_spending,satisfied_military_preparedness,12,67,66,-0.6663997647681023,weak,R,R,1,1,1,0,0.9269150636540092,-19.833333333333332,0,0,0,0,0
2007,defense_spending,satisfied_military_preparedness,12,62,67,-0.6495189716499253,weak,R,R,0,1,0,0,0.9117533418829558,-28.51851851851852,0,0,0,0,0
2008,defense_spending,satisfied_military_preparedness,12,66,62,-0.4526735012214567,weak,R,R,0,1,0,0,0.8387604813565992,-35.333333333333336,0,0,0,0,0
2012,defense_spending,satisfied_military_preparedness,12,71,66,-0.4447023011490424,weak,R,D,0,0,0,0,0.2268767098819415,2.509433962264151,0,0,0,0,0
2013,defense_spending,satisfied_military_preparedness,12,74,71,-0.6757011728231467,weak,R,D,0,0,0,0,0.07764204844971538,-0.17647058823529413,0,0,0,0,0
2014,defense_spending,satisfied_military_preparedness,12,72,74,-0.8575384180194973,weak,R,D,0,0,0,0,-0.11296245381495712,-9.566037735849056,0,0,0,0,0
2015,defense_spending,satisfied_military_preparedness,12,69,72,-0.9706240267287948,weak,R,D,0,0,0,0,-0.14653483773657572,-2.8846153846153846,0,0,0,0,0
2016,defense_spending,satisfied_military_preparedness,12,59,69,-1.0032644695348936,weak,R,D,0,0,0,0,0.3598666694166097,7.096153846153846,0,0,0,0,0
2017,defense_spending,satisfied_military_preparedness,12,66,59,-1.0585764656291945,weak,R,R,1,1,1,1,1.472303855361332,-15.403846153846152,0,0,0,0,0
2018,defense_spending,satisfied_military_preparedness,12,78,66,-1.0552660147707214,weak,R,R,1,1,1,0,1.5838508083912255,-14.490196078431373,0,0,0,0,0
2019,defense_spending,satisfied_military_preparedness,12,78,78,-0.9997775035447112,weak,R,R,0,1,0,0,1.849830727460562,-12.80952380952381,0,0,0,0,0
2020,defense_spending,satisfied_military_preparedness,12,81,78,-0.8753275803583253,weak,R,R,0,1,0,0,2.1820890302719347,-8.31578947368421,0,0,0,0,0
2021,defense_spending,satisfied_military_preparedness,12,74,81,-1.0022531581171787,weak,R,D,1,0,0,1,1.6276032055019791,2.1538461538461537,0,0,0,0,0
2022,defense_spending,satisfied_military_preparedness,12,61,74,-1.0523777038135906,weak,R,D,1,0,0,0,1.7348182380258583,-14.636363636363637,0,0,0,0,0
2023,defense_spending,satisfied_military_preparedness,12,64,61,-1.055033383821795,weak,R,D,0,0,0,0,NA,-16.583333333333332,0,0,0,0,0
2024,defense_spending,satisfied_military_preparedness,12,62,64,-0.9945023182238896,weak,R,D,0,0,0,0,NA,-15.5,0,0,0,0,0
2025,defense_spending,satisfied_military_preparedness,12,63,62,NA,NA,R,R,1,1,1,1,NA,-7.75,0,0,0,0,0
2001,level_of_immigration,level_of_immigration,4,32,NA,-0.5034409308256917,strong,R,R,0,1,0,1,-0.45236842546125366,41.84848484848485,0,0,0,0,0
2002,level_of_immigration,level_of_immigration,4,29,32,0.14333984017752371,strong,R,R,0,1,0,0,0.34102281521544414,49.84444444444444,0,0,0,0,0
2003,level_of_immigration,level_of_immigration,4,27,29,0.19275375461297448,strong,R,R,1,1,1,0,1.033696904127286,25.07317073170732,0,0,0,0,0
2004,level_of_immigration,level_of_immigration,4,31,27,-0.28330322141446107,strong,R,R,1,1,1,0,0.6466398069148218,4.742857142857143,0,0,0,0,0
2005,level_of_immigration,level_of_immigration,4,30,31,-0.34296688773066225,strong,R,R,1,1,1,0,1.1400455525499595,-4.261904761904762,0,0,0,0,0
2006,level_of_immigration,level_of_immigration,4,27,30,-0.1349699438920031,strong,R,R,1,1,1,0,0.9269150636540092,-19.833333333333332,0,0,0,0,0
2007,level_of_immigration,level_of_immigration,4,24,27,0.30686571725044254,strong,R,R,0,1,0,0,0.9117533418829558,-28.51851851851852,0,0,0,0,0
2008,level_of_immigration,level_of_immigration,4,23,24,0.6249034314329573,strong,R,R,0,1,0,0,0.8387604813565992,-35.333333333333336,0,0,0,0,0
2012,level_of_immigration,level_of_immigration,4,28,23,1.3718580003484475,strong,R,D,0,0,0,0,0.2268767098819415,2.509433962264151,0,0,0,0,0
2013,level_of_immigration,level_of_immigration,4,36,28,1.2553162203379904,strong,R,D,0,0,0,0,0.07764204844971538,-0.17647058823529413,0,0,0,0,0
2014,level_of_immigration,level_of_immigration,4,38,36,1.1183019807662455,strong,R,D,0,0,0,0,-0.11296245381495712,-9.566037735849056,0,0,0,0,0
2015,level_of_immigration,level_of_immigration,4,33,38,1.42938101420163,strong,R,D,0,0,0,0,-0.14653483773657572,-2.8846153846153846,0,0,0,0,0
2016,level_of_immigration,level_of_immigration,4,30,33,1.2656616670810332,strong,R,D,0,0,0,0,0.3598666694166097,7.096153846153846,0,0,0,0,0
2017,level_of_immigration,level_of_immigration,4,41,30,1.484688483960435,strong,R,R,1,1,1,1,1.472303855361332,-15.403846153846152,0,0,0,0,0
2018,level_of_immigration,level_of_immigration,4,40,41,1.289947358872363,strong,R,R,1,1,1,0,1.5838508083912255,-14.490196078431373,0,0,0,0,0
2019,level_of_immigration,level_of_immigration,4,34,40,0.3426535154246967,strong,R,R,0,1,0,0,1.849830727460562,-12.80952380952381,0,0,0,0,0
2020,level_of_immigration,level_of_immigration,4,35,34,1.2685075490726847,strong,R,R,0,1,0,0,2.1820890302719347,-8.31578947368421,0,0,0,0,0
2021,level_of_immigration,level_of_immigration,4,39,35,-1.3903513161668706,strong,R,D,1,0,0,1,1.6276032055019791,2.1538461538461537,0,0,0,0,0
2022,level_of_immigration,level_of_immigration,4,34,39,-2.579384944026724,strong,R,D,1,0,0,0,1.7348182380258583,-14.636363636363637,0,0,0,0,0
2023,level_of_immigration,level_of_immigration,4,28,34,-2.22237861766028,strong,R,D,0,0,0,0,NA,-16.583333333333332,0,0,0,0,0
2024,level_of_immigration,level_of_immigration,4,28,28,NA,NA,R,D,0,0,0,0,NA,-15.5,0,0,0,0,0
2025,level_of_immigration,level_of_immigration,4,32,28,NA,NA,R,R,1,1,1,1,NA,-7.75,0,0,0,0,0
2001,level_of_immigration,worry_about_illegal_immigration,13,47,NA,-0.5034409308256917,strong,R,R,0,1,0,1,-0.45236842546125366,41.84848484848485,0,0,0,0,0
2002,level_of_immigration,worry_about_illegal_immigration,13,42,47,0.14333984017752371,strong,R,R,0,1,0,0,0.34102281521544414,49.84444444444444,0,0,0,0,0
2003,level_of_immigration,worry_about_illegal_immigration,13,36,42,0.19275375461297448,strong,R,R,1,1,1,0,1.033696904127286,25.07317073170732,0,0,0,0,0
2004,level_of_immigration,worry_about_illegal_immigration,13,40,36,-0.28330322141446107,strong,R,R,1,1,1,0,0.6466398069148218,4.742857142857143,0,0,0,0,0
2005,level_of_immigration,worry_about_illegal_immigration,13,43,40,-0.34296688773066225,strong,R,R,1,1,1,0,1.1400455525499595,-4.261904761904762,0,0,0,0,0
2006,level_of_immigration,worry_about_illegal_immigration,13,28,43,-0.1349699438920031,strong,R,R,1,1,1,0,0.9269150636540092,-19.833333333333332,0,0,0,0,0
2007,level_of_immigration,worry_about_illegal_immigration,13,32,28,0.30686571725044254,strong,R,R,0,1,0,0,0.9117533418829558,-28.51851851851852,0,0,0,0,0
2008,level_of_immigration,worry_about_illegal_immigration,13,30,32,0.6249034314329573,strong,R,R,0,1,0,0,0.8387604813565992,-35.333333333333336,0,0,0,0,0
2010,level_of_immigration,worry_about_illegal_immigration,13,35,30,1.166709018824533,strong,R,D,1,0,0,0,0.24355460383009991,1.0576923076923077,0,0,0,0,0
2011,level_of_immigration,worry_about_illegal_immigration,13,34,35,1.4228592013040957,strong,R,D,0,0,0,0,0.3442717555949557,-2.5384615384615383,0,0,0,0,0
2012,level_of_immigration,worry_about_illegal_immigration,13,41,34,1.3718580003484475,strong,R,D,0,0,0,0,0.2268767098819415,2.509433962264151,0,0,0,0,0
2013,level_of_immigration,worry_about_illegal_immigration,13,40,41,1.2553162203379904,strong,R,D,0,0,0,0,0.07764204844971538,-0.17647058823529413,0,0,0,0,0
2014,level_of_immigration,worry_about_illegal_immigration,13,42,40,1.1183019807662455,strong,R,D,0,0,0,0,-0.11296245381495712,-9.566037735849056,0,0,0,0,0
2015,level_of_immigration,worry_about_illegal_immigration,13,36,42,1.42938101420163,strong,R,D,0,0,0,0,-0.14653483773657572,-2.8846153846153846,0,0,0,0,0
2016,level_of_immigration,worry_about_illegal_immigration,13,39,36,1.2656616670810332,strong,R,D,0,0,0,0,0.3598666694166097,7.096153846153846,0,0,0,0,0
2017,level_of_immigration,worry_about_illegal_immigration,13,40,39,1.484688483960435,strong,R,R,1,1,1,1,1.472303855361332,-15.403846153846152,0,0,0,0,0
2018,level_of_immigration,worry_about_illegal_immigration,13,41,40,1.289947358872363,strong,R,R,1,1,1,0,1.5838508083912255,-14.490196078431373,0,0,0,0,0
2019,level_of_immigration,worry_about_illegal_immigration,13,45,41,0.3426535154246967,strong,R,R,0,1,0,0,1.849830727460562,-12.80952380952381,0,0,0,0,0
2020,level_of_immigration,worry_about_illegal_immigration,13,43,45,1.2685075490726847,strong,R,R,0,1,0,0,2.1820890302719347,-8.31578947368421,0,0,0,0,0
2021,level_of_immigration,worry_about_illegal_immigration,13,40,43,-1.3903513161668706,strong,R,D,1,0,0,1,1.6276032055019791,2.1538461538461537,0,0,0,0,0
2022,level_of_immigration,worry_about_illegal_immigration,13,40,40,-2.579384944026724,strong,R,D,1,0,0,0,1.7348182380258583,-14.636363636363637,0,0,0,0,0
2023,level_of_immigration,worry_about_illegal_immigration,13,39,40,-2.22237861766028,strong,R,D,0,0,0,0,NA,-16.583333333333332,0,0,0,0,0
2024,level_of_immigration,worry_about_illegal_immigration,13,34,39,NA,NA,R,D,0,0,0,0,NA,-15.5,0,0,0,0,0
2025,level_of_immigration,worry_about_illegal_immigration,13,36,34,NA,NA,R,R,1,1,1,1,NA,-7.75,0,0,0,0,0
2000,more_crime_in_us,how_serious_crime,14,4,NA,-0.00405888799947324,strong,R,D,0,0,0,0,-0.279957989321846,23.821428571428573,0,0,0,0,0
2003,more_crime_in_us,how_serious_crime,14,5,4,0.18776155832352764,strong,R,R,1,1,1,0,1.033696904127286,25.07317073170732,0,0,0,0,0
2004,more_crime_in_us,how_serious_crime,14,5.5,5,0.2309669118703877,strong,R,R,1,1,1,0,0.6466398069148218,4.742857142857143,0,0,0,0,0
2005,more_crime_in_us,how_serious_crime,14,4.5,5.5,0.20990186419289597,strong,R,R,1,1,1,0,1.1400455525499595,-4.261904761904762,0,0,0,0,0
2006,more_crime_in_us,how_serious_crime,14,2.5,4.5,0.07960332425949826,strong,R,R,1,1,1,0,0.9269150636540092,-19.833333333333332,0,0,0,0,0
2007,more_crime_in_us,how_serious_crime,14,2.5,2.5,0.13452851512733954,strong,R,R,0,1,0,0,0.9117533418829558,-28.51851851851852,0,0,0,0,0
2008,more_crime_in_us,how_serious_crime,14,5.5,2.5,0.23439576183295285,strong,R,R,0,1,0,0,0.8387604813565992,-35.333333333333336,0,0,0,0,0
2009,more_crime_in_us,how_serious_crime,14,3.5,5.5,0.4358982499017654,strong,R,D,1,0,0,1,0.9225831431479932,22.54901960784314,0,0,0,0,0
2010,more_crime_in_us,how_serious_crime,14,4,3.5,0.6293866594200654,strong,R,D,1,0,0,0,0.24355460383009991,1.0576923076923077,0,0,0,0,0
2011,more_crime_in_us,how_serious_crime,14,6,4,0.7594675513331246,strong,R,D,0,0,0,0,0.3442717555949557,-2.5384615384615383,0,0,0,0,0
2013,more_crime_in_us,how_serious_crime,14,5,6,0.8679468855765841,strong,R,D,0,0,0,0,0.07764204844971538,-0.17647058823529413,0,0,0,0,0
2014,more_crime_in_us,how_serious_crime,14,5,5,0.9031351090735324,strong,R,D,0,0,0,0,-0.11296245381495712,-9.566037735849056,0,0,0,0,0
2015,more_crime_in_us,how_serious_crime,14,5,5,0.8105035970594939,strong,R,D,0,0,0,0,-0.14653483773657572,-2.8846153846153846,0,0,0,0,0
2016,more_crime_in_us,how_serious_crime,14,7.5,5,0.6950648951441438,strong,R,D,0,0,0,0,0.3598666694166097,7.096153846153846,0,0,0,0,0
2017,more_crime_in_us,how_serious_crime,14,7,7.5,0.7146471893041031,strong,R,R,1,1,1,1,1.472303855361332,-15.403846153846152,0,0,0,0,0
2018,more_crime_in_us,how_serious_crime,14,8,7,0.7859007498193901,strong,R,R,1,1,1,0,1.5838508083912255,-14.490196078431373,0,0,0,0,0
2019,more_crime_in_us,how_serious_crime,14,7,8,0.8591570244510149,strong,R,R,0,1,0,0,1.849830727460562,-12.80952380952381,0,0,0,0,0
2020,more_crime_in_us,how_serious_crime,14,7.5,7,0.7457650416237436,strong,R,R,0,1,0,0,2.1820890302719347,-8.31578947368421,0,0,1,0,0
2021,more_crime_in_us,how_serious_crime,14,10,7.5,1.5671198165758051,strong,R,D,1,0,0,1,1.6276032055019791,2.1538461538461537,0,0,1,0,0
2023,more_crime_in_us,how_serious_crime,14,8,10,0.8333895560118678,strong,R,D,0,0,0,0,NA,-16.583333333333332,0,0,0,0,0
2024,more_crime_in_us,how_serious_crime,14,6,8,1.0151955715922878,strong,R,D,0,0,0,0,NA,-15.5,0,0,0,0,0
2025,more_crime_in_us,how_serious_crime,14,10,6,1.84325549365769,strong,R,R,1,1,1,1,NA,-7.75,0,0,0,0,0
1989,more_crime_in_us,more_crime_in_us,5,5,NA,-2.467987699912096,strong,R,R,0,1,0,1,0.7577535678941132,47.23076923076923,0,0,0,0,0
1990,more_crime_in_us,more_crime_in_us,5,3,5,-1.7755404196111175,strong,R,R,0,1,0,0,0.4475880596634193,43.793103448275865,0,0,0,0,0
1992,more_crime_in_us,more_crime_in_us,5,3,3,-0.16466504289388847,strong,R,R,0,1,0,0,0.6925581642785829,-11.928571428571429,0,0,1,0,0
1993,more_crime_in_us,more_crime_in_us,5,4,3,0.4582643017077234,strong,R,D,1,0,0,1,0.04926796913531531,7.928571428571429,0,0,1,0,0
1996,more_crime_in_us,more_crime_in_us,5,15,4,1.5110947026879855,strong,R,D,0,0,0,0,-1.133346329006854,16.625,0,0,0,0,0
1997,more_crime_in_us,more_crime_in_us,5,25,15,-0.07784226785397393,strong,R,D,0,0,0,0,-0.5792936962875008,24.894736842105264,0,0,0,0,0
1998,more_crime_in_us,more_crime_in_us,5,35,25,0.7184097032721615,strong,R,D,0,0,0,0,-0.5565511136309198,32.03225806451613,0,0,0,0,0
2000,more_crime_in_us,more_crime_in_us,5,41,35,-0.2981967032867539,strong,R,D,0,0,0,0,-0.279957989321846,23.821428571428573,0,0,0,0,0
2001,more_crime_in_us,more_crime_in_us,5,43,41,-0.26921346336189356,strong,R,R,0,1,0,1,-0.45236842546125366,41.84848484848485,0,0,0,0,0
2002,more_crime_in_us,more_crime_in_us,5,21,43,-0.10049926568837478,strong,R,R,0,1,0,0,0.34102281521544414,49.84444444444444,0,0,0,0,0
2003,more_crime_in_us,more_crime_in_us,5,25,21,0.27459396119095575,strong,R,R,1,1,1,0,1.033696904127286,25.07317073170732,0,0,0,0,0
2004,more_crime_in_us,more_crime_in_us,5,28,25,-0.09958670368469966,strong,R,R,1,1,1,0,0.6466398069148218,4.742857142857143,0,0,0,0,0
2005,more_crime_in_us,more_crime_in_us,5,21,28,-0.3099916564771781,strong,R,R,1,1,1,0,1.1400455525499595,-4.261904761904762,0,0,0,0,0
2006,more_crime_in_us,more_crime_in_us,5,16,21,-0.6675943373945207,strong,R,R,1,1,1,0,0.9269150636540092,-19.833333333333332,0,0,0,0,0
2007,more_crime_in_us,more_crime_in_us,5,14,16,-0.06121893607657942,strong,R,R,0,1,0,0,0.9117533418829558,-28.51851851851852,0,0,0,0,0
2008,more_crime_in_us,more_crime_in_us,5,15,14,0.08590992817206182,strong,R,R,0,1,0,0,0.8387604813565992,-35.333333333333336,0,0,0,0,0
2009,more_crime_in_us,more_crime_in_us,5,15,15,0.41863786752983817,strong,R,D,1,0,0,1,0.9225831431479932,22.54901960784314,0,0,0,0,0
2010,more_crime_in_us,more_crime_in_us,5,17,15,0.3924018119432285,strong,R,D,1,0,0,0,0.24355460383009991,1.0576923076923077,0,0,0,0,0
2011,more_crime_in_us,more_crime_in_us,5,17,17,0.18482172073066605,strong,R,D,0,0,0,0,0.3442717555949557,-2.5384615384615383,0,0,0,0,0
2013,more_crime_in_us,more_crime_in_us,5,19,17,0.13904259523049878,strong,R,D,0,0,0,0,0.07764204844971538,-0.17647058823529413,0,0,0,0,0
2014,more_crime_in_us,more_crime_in_us,5,21,19,-0.12583274910449527,strong,R,D,0,0,0,0,-0.11296245381495712,-9.566037735849056,0,0,0,0,0
2015,more_crime_in_us,more_crime_in_us,5,18,21,-0.5442820648673831,strong,R,D,0,0,0,0,-0.14653483773657572,-2.8846153846153846,0,0,0,0,0
2016,more_crime_in_us,more_crime_in_us,5,20,18,-0.6189470058526331,strong,R,D,0,0,0,0,0.3598666694166097,7.096153846153846,0,0,0,0,0
2017,more_crime_in_us,more_crime_in_us,5,19,20,-0.17692259393010734,strong,R,R,1,1,1,1,1.472303855361332,-15.403846153846152,0,0,0,0,0
2018,more_crime_in_us,more_crime_in_us,5,25,19,-0.00776400535572953,strong,R,R,1,1,1,0,1.5838508083912255,-14.490196078431373,0,0,0,0,0
2019,more_crime_in_us,more_crime_in_us,5,24,25,-0.00120762853097646,strong,R,R,0,1,0,0,1.849830727460562,-12.80952380952381,0,0,0,0,0
2020,more_crime_in_us,more_crime_in_us,5,14,24,-0.6122465679387106,strong,R,R,0,1,0,0,2.1820890302719347,-8.31578947368421,0,0,1,0,0
2021,more_crime_in_us,more_crime_in_us,5,17,14,2.447876656699933,strong,R,D,1,0,0,1,1.6276032055019791,2.1538461538461537,0,0,1,0,0
2022,more_crime_in_us,more_crime_in_us,5,13,17,-2.8525906396717824,strong,R,D,1,0,0,0,1.7348182380258583,-14.636363636363637,0,0,1,0,0
2023,more_crime_in_us,more_crime_in_us,5,16,13,-0.03151577411868229,strong,R,D,0,0,0,0,NA,-16.583333333333332,0,0,0,0,0
2024,more_crime_in_us,more_crime_in_us,5,29,16,0.3541566244513622,strong,R,D,0,0,0,0,NA,-15.5,0,0,0,0,0
2025,more_crime_in_us,more_crime_in_us,5,33,29,2.469827603558415,strong,R,R,1,1,1,1,NA,-7.75,0,0,0,0,0
2001,quality_of_environment,quality_of_environment,6,36,NA,-0.6656415024324001,weak,D,R,0,0,0,1,0.45236842546125366,41.84848484848485,0,0,0,0,0
2002,quality_of_environment,quality_of_environment,6,40,36,-0.6355179684477048,weak,D,R,0,0,0,0,-0.34102281521544414,49.84444444444444,0,0,0,0,0
2003,quality_of_environment,quality_of_environment,6,33,40,-0.5451473664936191,weak,D,R,1,0,0,0,-1.033696904127286,25.07317073170732,0,0,0,0,0
2004,quality_of_environment,quality_of_environment,6,34,33,-0.3342826286007514,weak,D,R,1,0,0,0,-0.6466398069148218,4.742857142857143,0,0,0,0,0
2005,quality_of_environment,quality_of_environment,6,29,34,-0.5451473664936191,weak,D,R,1,0,0,0,-1.1400455525499595,-4.261904761904762,0,0,0,0,0
2006,quality_of_environment,quality_of_environment,6,25,29,-0.06317082273849327,weak,D,R,1,0,0,0,-0.9269150636540092,-19.833333333333332,0,0,0,0,0
2007,quality_of_environment,quality_of_environment,6,25,25,0.17781744913906913,weak,D,R,0,0,0,0,-0.9117533418829558,-28.51851851851852,0,0,0,0,0
2008,quality_of_environment,quality_of_environment,6,26,25,0.35855865304724105,weak,D,R,0,0,0,0,-0.8387604813565992,-35.333333333333336,0,0,0,0,0
2009,quality_of_environment,quality_of_environment,6,41,26,0.6387075191049082,weak,D,D,1,1,1,1,-0.9225831431479932,22.54901960784314,0,0,0,0,0
2010,quality_of_environment,quality_of_environment,6,41,41,0.6597939928941944,weak,D,D,1,1,1,0,-0.24355460383009991,1.0576923076923077,0,0,0,0,0
2011,quality_of_environment,quality_of_environment,6,42,41,0.6206333987140908,weak,D,D,0,1,0,0,-0.3442717555949557,-2.5384615384615383,0,0,0,0,0
2012,quality_of_environment,quality_of_environment,6,42,42,0.8375228434038969,weak,D,D,0,1,0,0,-0.2268767098819415,2.509433962264151,0,0,0,0,0
2013,quality_of_environment,quality_of_environment,6,41,42,0.9218687385610442,weak,D,D,0,1,0,0,-0.07764204844971538,-0.17647058823529413,0,0,0,0,0
2014,quality_of_environment,quality_of_environment,6,42,41,0.9278934453579832,weak,D,D,0,1,0,0,0.11296245381495712,-9.566037735849056,0,0,0,0,0
2015,quality_of_environment,quality_of_environment,6,41,42,1.0363381677028862,weak,D,D,0,1,0,0,0.14653483773657572,-2.8846153846153846,0,0,0,0,0
2016,quality_of_environment,quality_of_environment,6,37,41,1.2381658454003452,weak,D,D,0,1,0,0,-0.3598666694166097,7.096153846153846,0,0,0,0,0
2017,quality_of_environment,quality_of_environment,6,36,37,1.1447828900477894,weak,D,R,1,0,0,1,-1.472303855361332,-15.403846153846152,0,0,0,0,0
2018,quality_of_environment,quality_of_environment,6,33,36,1.123696416258503,weak,D,R,1,0,0,0,-1.5838508083912255,-14.490196078431373,0,0,0,0,0
2019,quality_of_environment,quality_of_environment,6,32,33,1.27130173278351,weak,D,R,0,0,0,0,-1.849830727460562,-12.80952380952381,0,0,0,0,0
2020,quality_of_environment,quality_of_environment,6,36,32,1.1297211230554418,weak,D,R,0,0,0,0,-2.1820890302719347,-8.31578947368421,0,0,0,0,0
2021,quality_of_environment,quality_of_environment,6,42,36,0.9821158065304346,weak,D,D,1,1,1,1,-1.6276032055019791,2.1538461538461537,0,0,0,0,0
2022,quality_of_environment,quality_of_environment,6,35,42,1.2231040784079976,weak,D,D,1,1,1,0,-1.7348182380258583,-14.636363636363637,0,0,0,0,0
2023,quality_of_environment,quality_of_environment,6,32,35,1.361672334737596,weak,D,D,0,1,0,0,NA,-16.583333333333332,0,0,0,0,0
2024,quality_of_environment,quality_of_environment,6,35,32,NA,NA,D,D,0,1,0,0,NA,-15.5,0,0,0,0,0
2025,quality_of_environment,quality_of_environment,6,32,35,NA,NA,D,R,1,0,0,1,NA,-7.75,0,0,0,0,0
1989,quality_of_environment,worry_about_air_polution,15,12,NA,NA,NA,D,R,0,0,0,1,-0.7577535678941132,47.23076923076923,0,0,0,0,0
1990,quality_of_environment,worry_about_air_polution,15,13,12,-1.3283592500956978,strong,D,R,0,0,0,0,-0.4475880596634193,43.793103448275865,0,0,0,0,0
1991,quality_of_environment,worry_about_air_polution,15,14,13,-1.3283592500956978,strong,D,R,0,0,0,0,-0.6264963765618501,50.714285714285715,0,0,0,0,0
1997,quality_of_environment,worry_about_air_polution,15,23,14,-1.0873709782181349,strong,D,D,0,1,0,0,0.5792936962875008,24.894736842105264,0,0,0,0,0
1999,quality_of_environment,worry_about_air_polution,15,13,23,-0.9970003762640492,strong,D,D,0,1,0,0,0.3094150487627489,26.323529411764707,0,0,0,0,0
2000,quality_of_environment,worry_about_air_polution,15,12,13,-0.9066297743099628,strong,D,D,0,1,0,0,0.279957989321846,23.821428571428573,0,0,0,0,0
2001,quality_of_environment,worry_about_air_polution,15,18,12,-0.6656415024324001,strong,D,R,0,0,0,1,0.45236842546125366,41.84848484848485,0,0,0,0,0
2002,quality_of_environment,worry_about_air_polution,15,22,18,-0.6355179684477048,strong,D,R,0,0,0,0,-0.34102281521544414,49.84444444444444,0,0,0,0,0
2003,quality_of_environment,worry_about_air_polution,15,26,22,-0.5451473664936191,strong,D,R,1,0,0,0,-1.033696904127286,25.07317073170732,0,0,0,0,0
2004,quality_of_environment,worry_about_air_polution,15,31,26,-0.3342826286007514,strong,D,R,1,0,0,0,-0.6466398069148218,4.742857142857143,0,0,0,0,0
2006,quality_of_environment,worry_about_air_polution,15,22,31,-0.06317082273849327,strong,D,R,1,0,0,0,-0.9269150636540092,-19.833333333333332,0,0,0,0,0
2007,quality_of_environment,worry_about_air_polution,15,20,22,0.17781744913906913,strong,D,R,0,0,0,0,-0.9117533418829558,-28.51851851851852,0,0,0,0,0
2008,quality_of_environment,worry_about_air_polution,15,23,20,0.35855865304724105,strong,D,R,0,0,0,0,-0.8387604813565992,-35.333333333333336,0,0,0,0,0
2009,quality_of_environment,worry_about_air_polution,15,24,23,0.6387075191049082,strong,D,D,1,1,1,1,-0.9225831431479932,22.54901960784314,0,0,0,0,0
2010,quality_of_environment,worry_about_air_polution,15,30,24,0.6597939928941944,strong,D,D,1,1,1,0,-0.24355460383009991,1.0576923076923077,0,0,0,0,0
2011,quality_of_environment,worry_about_air_polution,15,28,30,0.6206333987140908,strong,D,D,0,1,0,0,-0.3442717555949557,-2.5384615384615383,0,0,0,0,0
2012,quality_of_environment,worry_about_air_polution,15,29,28,0.8375228434038969,strong,D,D,0,1,0,0,-0.2268767098819415,2.509433962264151,0,0,0,0,0
2013,quality_of_environment,worry_about_air_polution,15,29,29,0.9218687385610442,strong,D,D,0,1,0,0,-0.07764204844971538,-0.17647058823529413,0,0,0,0,0
2014,quality_of_environment,worry_about_air_polution,15,28,29,0.9278934453579832,strong,D,D,0,1,0,0,0.11296245381495712,-9.566037735849056,0,0,0,0,0
2015,quality_of_environment,worry_about_air_polution,15,29,28,1.0363381677028862,strong,D,D,0,1,0,0,0.14653483773657572,-2.8846153846153846,0,0,0,0,0
2016,quality_of_environment,worry_about_air_polution,15,26,29,1.2381658454003452,strong,D,D,0,1,0,0,-0.3598666694166097,7.096153846153846,0,0,0,0,0
2017,quality_of_environment,worry_about_air_polution,15,22,26,1.1447828900477894,strong,D,R,1,0,0,1,-1.472303855361332,-15.403846153846152,0,0,0,0,0
2018,quality_of_environment,worry_about_air_polution,15,24,22,1.123696416258503,strong,D,R,1,0,0,0,-1.5838508083912255,-14.490196078431373,0,0,0,0,0
2019,quality_of_environment,worry_about_air_polution,15,26,24,1.27130173278351,strong,D,R,0,0,0,0,-1.849830727460562,-12.80952380952381,0,0,0,0,0
2020,quality_of_environment,worry_about_air_polution,15,25,26,1.1297211230554418,strong,D,R,0,0,0,0,-2.1820890302719347,-8.31578947368421,0,0,0,0,0
2021,quality_of_environment,worry_about_air_polution,15,28,25,0.9821158065304346,strong,D,D,1,1,1,1,-1.6276032055019791,2.1538461538461537,0,0,0,0,0
2022,quality_of_environment,worry_about_air_polution,15,25,28,1.2231040784079976,strong,D,D,1,1,1,0,-1.7348182380258583,-14.636363636363637,0,0,0,0,0
2023,quality_of_environment,worry_about_air_polution,15,30,25,1.361672334737596,strong,D,D,0,1,0,0,NA,-16.583333333333332,0,0,0,0,0
2024,quality_of_environment,worry_about_air_polution,15,29,30,NA,NA,D,D,0,1,0,0,NA,-15.5,0,0,0,0,0
2025,quality_of_environment,worry_about_air_polution,15,30,29,NA,NA,D,R,1,0,0,1,NA,-7.75,0,0,0,0,0
2001,quality_of_healthcare_coverage,quality_of_healthcare_coverage,7,30,NA,NA,NA,D,R,0,0,0,1,0.45236842546125366,41.84848484848485,0,0,0,0,0
2002,quality_of_healthcare_coverage,quality_of_healthcare_coverage,7,30,30,NA,NA,D,R,0,0,0,0,-0.34102281521544414,49.84444444444444,0,0,0,0,0
2003,quality_of_healthcare_coverage,quality_of_healthcare_coverage,7,28,30,NA,NA,D,R,1,0,0,0,-1.033696904127286,25.07317073170732,0,0,0,0,0
2004,quality_of_healthcare_coverage,quality_of_healthcare_coverage,7,30,28,-0.7600783213196324,strong,D,R,1,0,0,0,-0.6466398069148218,4.742857142857143,0,0,0,0,0
2005,quality_of_healthcare_coverage,quality_of_healthcare_coverage,7,21,30,-0.821403997787307,strong,D,R,1,0,0,0,-1.1400455525499595,-4.261904761904762,0,0,0,0,0
2006,quality_of_healthcare_coverage,quality_of_healthcare_coverage,7,25,21,-0.9836627074720512,strong,D,R,1,0,0,0,-0.9269150636540092,-19.833333333333332,0,0,0,0,0
2007,quality_of_healthcare_coverage,quality_of_healthcare_coverage,7,27,25,-0.8526955242235162,strong,D,R,0,0,0,0,-0.9117533418829558,-28.51851851851852,0,0,0,0,0
2008,quality_of_healthcare_coverage,quality_of_healthcare_coverage,7,26,27,-0.7917127685934983,strong,D,R,0,0,0,0,-0.8387604813565992,-35.333333333333336,0,0,0,0,0
2009,quality_of_healthcare_coverage,quality_of_healthcare_coverage,7,38,26,-1.1677540438209624,strong,D,D,1,1,1,1,-0.9225831431479932,22.54901960784314,0,0,0,0,0
2010,quality_of_healthcare_coverage,quality_of_healthcare_coverage,7,39,38,-1.2046751873420414,strong,D,D,1,1,1,0,-0.24355460383009991,1.0576923076923077,0,0,0,0,0
2011,quality_of_healthcare_coverage,quality_of_healthcare_coverage,7,33,39,-1.02058385099313,strong,D,D,0,1,0,0,-0.3442717555949557,-2.5384615384615383,0,0,0,0,0
2012,quality_of_healthcare_coverage,quality_of_healthcare_coverage,7,41,33,-0.9153071538324056,strong,D,D,0,1,0,0,-0.2268767098819415,2.509433962264151,0,0,0,0,0
2013,quality_of_healthcare_coverage,quality_of_healthcare_coverage,7,32,41,-0.8279480704392632,strong,D,D,0,1,0,0,-0.07764204844971538,-0.17647058823529413,0,0,0,0,0
2014,quality_of_healthcare_coverage,quality_of_healthcare_coverage,7,38,32,0.10525383577154757,strong,D,D,0,1,0,0,0.11296245381495712,-9.566037735849056,0,0,0,0,0
2015,quality_of_healthcare_coverage,quality_of_healthcare_coverage,7,33,38,0.9462957668620176,strong,D,D,0,1,0,0,0.14653483773657572,-2.8846153846153846,0,0,0,0,0
2016,quality_of_healthcare_coverage,quality_of_healthcare_coverage,7,33,33,1.2220326970747843,strong,D,D,0,1,0,0,-0.3598666694166097,7.096153846153846,0,0,0,0,0
2017,quality_of_healthcare_coverage,quality_of_healthcare_coverage,7,29,33,1.0618886658889262,strong,D,R,1,0,0,1,-1.472303855361332,-15.403846153846152,0,0,0,0,0
2018,quality_of_healthcare_coverage,quality_of_healthcare_coverage,7,34,29,0.9577550381870584,strong,D,R,1,0,0,0,-1.5838508083912255,-14.490196078431373,0,0,0,0,0
2019,quality_of_healthcare_coverage,quality_of_healthcare_coverage,7,34,34,0.5911726627316356,strong,D,R,0,0,0,0,-1.849830727460562,-12.80952380952381,0,0,0,0,0
2020,quality_of_healthcare_coverage,quality_of_healthcare_coverage,7,38,34,0.7589181058188925,strong,D,R,0,0,0,0,-2.1820890302719347,-8.31578947368421,0,0,0,0,0
2021,quality_of_healthcare_coverage,quality_of_healthcare_coverage,7,29,38,1.079206168190609,strong,D,D,1,1,1,1,-1.6276032055019791,2.1538461538461537,0,0,0,0,0
2022,quality_of_healthcare_coverage,quality_of_healthcare_coverage,7,32,29,1.1238716072954442,strong,D,D,1,1,1,0,-1.7348182380258583,-14.636363636363637,0,0,0,0,0
2023,quality_of_healthcare_coverage,quality_of_healthcare_coverage,7,30,32,1.499427078002894,strong,D,D,0,1,0,0,NA,-16.583333333333332,0,0,0,0,0
2024,quality_of_healthcare_coverage,quality_of_healthcare_coverage,7,28,30,NA,NA,D,D,0,1,0,0,NA,-15.5,0,0,0,0,0
2001,quality_of_healthcare_coverage,satisfied_availability_affordable_healthcare,16,29,NA,NA,NA,D,R,0,0,0,1,0.45236842546125366,41.84848484848485,0,0,0,0,0
2002,quality_of_healthcare_coverage,satisfied_availability_affordable_healthcare,16,31,29,NA,NA,D,R,0,0,0,0,-0.34102281521544414,49.84444444444444,0,0,0,0,0
2003,quality_of_healthcare_coverage,satisfied_availability_affordable_healthcare,16,25,31,NA,NA,D,R,1,0,0,0,-1.033696904127286,25.07317073170732,0,0,0,0,0
2004,quality_of_healthcare_coverage,satisfied_availability_affordable_healthcare,16,27,25,-0.7600783213196324,strong,D,R,1,0,0,0,-0.6466398069148218,4.742857142857143,0,0,0,0,0
2005,quality_of_healthcare_coverage,satisfied_availability_affordable_healthcare,16,25,27,-0.821403997787307,strong,D,R,1,0,0,0,-1.1400455525499595,-4.261904761904762,0,0,0,0,0
2006,quality_of_healthcare_coverage,satisfied_availability_affordable_healthcare,16,26,25,-0.9836627074720512,strong,D,R,1,0,0,0,-0.9269150636540092,-19.833333333333332,0,0,0,0,0
2007,quality_of_healthcare_coverage,satisfied_availability_affordable_healthcare,16,25,26,-0.8526955242235162,strong,D,R,0,0,0,0,-0.9117533418829558,-28.51851851851852,0,0,0,0,0
2008,quality_of_healthcare_coverage,satisfied_availability_affordable_healthcare,16,25,25,-0.7917127685934983,strong,D,R,0,0,0,0,-0.8387604813565992,-35.333333333333336,0,0,0,0,0
2012,quality_of_healthcare_coverage,satisfied_availability_affordable_healthcare,16,31,25,-0.9153071538324056,strong,D,D,0,1,0,0,-0.2268767098819415,2.509433962264151,0,0,0,0,0
2013,quality_of_healthcare_coverage,satisfied_availability_affordable_healthcare,16,40,31,-0.8279480704392632,strong,D,D,0,1,0,0,-0.07764204844971538,-0.17647058823529413,0,0,0,0,0
2014,quality_of_healthcare_coverage,satisfied_availability_affordable_healthcare,16,38,40,0.10525383577154757,strong,D,D,0,1,0,0,0.11296245381495712,-9.566037735849056,0,0,0,0,0
2015,quality_of_healthcare_coverage,satisfied_availability_affordable_healthcare,16,43,38,0.9462957668620176,strong,D,D,0,1,0,0,0.14653483773657572,-2.8846153846153846,0,0,0,0,0
2016,quality_of_healthcare_coverage,satisfied_availability_affordable_healthcare,16,37,43,1.2220326970747843,strong,D,D,0,1,0,0,-0.3598666694166097,7.096153846153846,0,0,0,0,0
2017,quality_of_healthcare_coverage,satisfied_availability_affordable_healthcare,16,39,37,1.0618886658889262,strong,D,R,1,0,0,1,-1.472303855361332,-15.403846153846152,0,0,0,0,0
2018,quality_of_healthcare_coverage,satisfied_availability_affordable_healthcare,16,31,39,0.9577550381870584,strong,D,R,1,0,0,0,-1.5838508083912255,-14.490196078431373,0,0,0,0,0
2019,quality_of_healthcare_coverage,satisfied_availability_affordable_healthcare,16,31,31,0.5911726627316356,strong,D,R,0,0,0,0,-1.849830727460562,-12.80952380952381,0,0,0,0,0
2020,quality_of_healthcare_coverage,satisfied_availability_affordable_healthcare,16,37,31,0.7589181058188925,strong,D,R,0,0,0,0,-2.1820890302719347,-8.31578947368421,0,0,0,0,0
2021,quality_of_healthcare_coverage,satisfied_availability_affordable_healthcare,16,34,37,1.079206168190609,strong,D,D,1,1,1,1,-1.6276032055019791,2.1538461538461537,0,0,0,0,0
2022,quality_of_healthcare_coverage,satisfied_availability_affordable_healthcare,16,35,34,1.1238716072954442,strong,D,D,1,1,1,0,-1.7348182380258583,-14.636363636363637,0,0,0,0,0
2023,quality_of_healthcare_coverage,satisfied_availability_affordable_healthcare,16,36,35,1.499427078002894,strong,D,D,0,1,0,0,NA,-16.583333333333332,0,0,0,0,0
2024,quality_of_healthcare_coverage,satisfied_availability_affordable_healthcare,16,34,36,NA,NA,D,D,0,1,0,0,NA,-15.5,0,0,0,0,0
2025,quality_of_healthcare_coverage,satisfied_availability_affordable_healthcare,16,29,34,NA,NA,D,R,1,0,0,1,NA,-7.75,0,0,0,0,0
1973,satisfied_with_education,confidence_in_public_schools,17,58,NA,NA,NA,D,R,0,0,0,0,0.5686804910477635,-5.6,0,0,0,0,0
1975,satisfied_with_education,confidence_in_public_schools,17,62,58,NA,NA,D,R,0,0,0,0,0.8340106220411992,2.473684210526316,0,0,0,0,0
1977,satisfied_with_education,confidence_in_public_schools,17,53,62,NA,NA,D,D,1,1,1,1,1.3570900231425431,42.541666666666664,0,0,0,0,0
1979,satisfied_with_education,confidence_in_public_schools,17,53,53,NA,NA,D,D,1,1,1,0,1.45564121465439,-12.6,0,0,0,0,0
1981,satisfied_with_education,confidence_in_public_schools,17,42,53,NA,NA,D,R,0,0,0,1,1.6380150679576329,29.05263157894737,0,0,0,0,0
1983,satisfied_with_education,confidence_in_public_schools,17,39,42,NA,NA,D,R,0,0,0,0,0.7034032187848385,-1.8636363636363635,0,0,0,0,0
1984,satisfied_with_education,confidence_in_public_schools,17,48,39,NA,NA,D,R,0,0,0,0,0.5888239214007337,19.80952380952381,0,0,0,0,0
1985,satisfied_with_education,confidence_in_public_schools,17,48,48,NA,NA,D,R,0,0,0,0,0.6145988484115246,29.866666666666667,0,0,0,0,0
1986,satisfied_with_education,confidence_in_public_schools,17,49,48,NA,NA,D,R,0,0,0,0,0.45886630622027685,31.23076923076923,0,0,0,0,0
1987,satisfied_with_education,confidence_in_public_schools,17,50,49,NA,NA,D,R,0,0,0,0,0.03390490458017798,5.545454545454546,0,0,0,0,0
1988,satisfied_with_education,confidence_in_public_schools,17,49,50,NA,NA,D,R,0,0,0,0,-0.3839088282249954,14.333333333333334,0,0,0,0,0
1989,satisfied_with_education,confidence_in_public_schools,17,43,49,NA,NA,D,R,0,0,0,1,-0.7577535678941132,47.23076923076923,0,0,0,0,0
1990,satisfied_with_education,confidence_in_public_schools,17,45,43,-2.2243273762902884,strong,D,R,0,0,0,0,-0.4475880596634193,43.793103448275865,0,0,0,0,0
1991,satisfied_with_education,confidence_in_public_schools,17,35,45,-1.8180045257153408,strong,D,R,0,0,0,0,-0.6264963765618501,50.714285714285715,0,0,0,0,0
1993,satisfied_with_education,confidence_in_public_schools,17,39,35,-1.330417105025404,strong,D,D,1,1,1,1,-0.04926796913531531,7.928571428571429,0,0,0,0,0
1994,satisfied_with_education,confidence_in_public_schools,17,34,39,-1.2491525349104142,strong,D,D,1,1,1,0,0.7727139468810829,0.3793103448275862,0,0,0,0,0
1995,satisfied_with_education,confidence_in_public_schools,17,40,34,-1.1678879647954248,strong,D,D,0,1,0,0,1.298825692336638,4.318181818181818,0,0,0,0,0
1996,satisfied_with_education,confidence_in_public_schools,17,38,40,-1.0866233946804351,strong,D,D,0,1,0,0,1.133346329006854,16.625,0,0,0,0,0
1997,satisfied_with_education,confidence_in_public_schools,17,40,38,-0.9647265395079512,strong,D,D,0,1,0,0,0.5792936962875008,24.894736842105264,0,0,0,0,0
1998,satisfied_with_education,confidence_in_public_schools,17,37,40,-0.8428296843354668,strong,D,D,0,1,0,0,0.5565511136309198,32.03225806451613,0,0,0,0,0
1999,satisfied_with_education,confidence_in_public_schools,17,36,37,-0.7209328291629825,strong,D,D,0,1,0,0,0.3094150487627489,26.323529411764707,0,0,0,0,0
2000,satisfied_with_education,confidence_in_public_schools,17,37,36,-0.5990359739904982,strong,D,D,0,1,0,0,0.279957989321846,23.821428571428573,0,0,0,0,0
2001,satisfied_with_education,confidence_in_public_schools,17,38,37,-0.32815407360719684,strong,D,R,0,0,0,1,0.45236842546125366,41.84848484848485,0,0,0,0,0
2002,satisfied_with_education,confidence_in_public_schools,17,38,38,-0.05727217322390467,strong,D,R,0,0,0,0,-0.34102281521544414,49.84444444444444,0,0,0,0,0
2003,satisfied_with_education,confidence_in_public_schools,17,40,38,0.21360972715939677,strong,D,R,1,0,0,0,-1.033696904127286,25.07317073170732,0,0,0,0,0
2004,satisfied_with_education,confidence_in_public_schools,17,41,40,0.29487429727438624,strong,D,R,1,0,0,0,-0.6466398069148218,4.742857142857143,0,0,0,0,0
2005,satisfied_with_education,confidence_in_public_schools,17,37,41,0.37613886738937574,strong,D,R,1,0,0,0,-1.1400455525499595,-4.261904761904762,0,0,0,0,0
2006,satisfied_with_education,confidence_in_public_schools,17,37,37,0.5386680076193547,strong,D,R,1,0,0,0,-0.9269150636540092,-19.833333333333332,0,0,0,0,0
2007,satisfied_with_education,confidence_in_public_schools,17,33,37,0.7011971478493337,strong,D,R,0,0,0,0,-0.9117533418829558,-28.51851851851852,0,0,0,0,0
2008,satisfied_with_education,confidence_in_public_schools,17,33,33,0.8637262880793127,strong,D,R,0,0,0,0,-0.8387604813565992,-35.333333333333336,0,0,0,0,0
2009,satisfied_with_education,confidence_in_public_schools,17,38,33,1.0262554283092915,strong,D,D,1,1,1,1,-0.9225831431479932,22.54901960784314,0,0,0,0,0
2010,satisfied_with_education,confidence_in_public_schools,17,34,38,1.1075199984242812,strong,D,D,1,1,1,0,-0.24355460383009991,1.0576923076923077,0,0,0,0,0
2011,satisfied_with_education,confidence_in_public_schools,17,34,34,1.1887845685392708,strong,D,D,0,1,0,0,-0.3442717555949557,-2.5384615384615383,0,0,0,0,0
2012,satisfied_with_education,confidence_in_public_schools,17,29,34,1.2700491386542605,strong,D,D,0,1,0,0,-0.2268767098819415,2.509433962264151,0,0,0,0,0
2013,satisfied_with_education,confidence_in_public_schools,17,32,29,1.3513137087692495,strong,D,D,0,1,0,0,-0.07764204844971538,-0.17647058823529413,0,0,0,0,0
2014,satisfied_with_education,confidence_in_public_schools,17,26,32,1.1075199984242812,strong,D,D,0,1,0,0,0.11296245381495712,-9.566037735849056,0,0,0,0,0
2015,satisfied_with_education,confidence_in_public_schools,17,31,26,0.8637262880793127,strong,D,D,0,1,0,0,0.14653483773657572,-2.8846153846153846,0,0,0,0,0
2016,satisfied_with_education,confidence_in_public_schools,17,30,31,0.9449908581943024,strong,D,D,0,1,0,0,-0.3598666694166097,7.096153846153846,0,0,0,0,0
2017,satisfied_with_education,confidence_in_public_schools,17,36,30,1.0262554283092915,strong,D,R,1,0,0,1,-1.472303855361332,-15.403846153846152,0,0,0,0,0
2018,satisfied_with_education,confidence_in_public_schools,17,29,36,0.9449908581943024,strong,D,R,1,0,0,0,-1.5838508083912255,-14.490196078431373,0,0,0,0,0
2019,satisfied_with_education,confidence_in_public_schools,17,29,29,0.8637262880793127,strong,D,R,0,0,0,0,-1.849830727460562,-12.80952380952381,0,0,0,0,0
2020,satisfied_with_education,confidence_in_public_schools,17,41,29,0.43031524746603234,strong,D,R,0,0,0,0,-2.1820890302719347,-8.31578947368421,0,0,0,0,0
2021,satisfied_with_education,confidence_in_public_schools,17,32,41,-0.00309579314723883,strong,D,D,1,1,1,1,-1.6276032055019791,2.1538461538461537,0,0,0,0,0
2022,satisfied_with_education,confidence_in_public_schools,17,28,32,-0.4365068337605192,strong,D,D,1,1,1,0,-1.7348182380258583,-14.636363636363637,0,0,0,0,0
2023,satisfied_with_education,confidence_in_public_schools,17,26,28,-0.4365068337605192,strong,D,D,0,1,0,0,NA,-16.583333333333332,0,0,0,0,0
2024,satisfied_with_education,confidence_in_public_schools,17,29,26,-0.4365068337605192,strong,D,D,0,1,0,0,NA,-15.5,0,0,0,0,0
2025,satisfied_with_education,confidence_in_public_schools,17,29,29,NA,NA,D,R,1,0,0,1,NA,-7.75,0,0,0,0,0
1999,satisfied_with_education,satisfied_with_education,8,47,NA,-0.7209328291629825,strong,D,D,0,1,0,0,0.3094150487627489,26.323529411764707,0,0,0,0,0
2000,satisfied_with_education,satisfied_with_education,8,36,47,-0.5990359739904982,strong,D,D,0,1,0,0,0.279957989321846,23.821428571428573,0,0,0,0,0
2001,satisfied_with_education,satisfied_with_education,8,48,36,-0.32815407360719684,strong,D,R,0,0,0,1,0.45236842546125366,41.84848484848485,0,0,0,0,0
2002,satisfied_with_education,satisfied_with_education,8,47,48,-0.05727217322390467,strong,D,R,0,0,0,0,-0.34102281521544414,49.84444444444444,0,0,0,0,0
2003,satisfied_with_education,satisfied_with_education,8,48,47,0.21360972715939677,strong,D,R,1,0,0,0,-1.033696904127286,25.07317073170732,0,0,0,0,0
2004,satisfied_with_education,satisfied_with_education,8,53,48,0.29487429727438624,strong,D,R,1,0,0,0,-0.6466398069148218,4.742857142857143,0,0,0,0,0
2005,satisfied_with_education,satisfied_with_education,8,46,53,0.37613886738937574,strong,D,R,1,0,0,0,-1.1400455525499595,-4.261904761904762,0,0,0,0,0
2006,satisfied_with_education,satisfied_with_education,8,45,46,0.5386680076193547,strong,D,R,1,0,0,0,-0.9269150636540092,-19.833333333333332,0,0,0,0,0
2007,satisfied_with_education,satisfied_with_education,8,46,45,0.7011971478493337,strong,D,R,0,0,0,0,-0.9117533418829558,-28.51851851851852,0,0,0,0,0
2008,satisfied_with_education,satisfied_with_education,8,44,46,0.8637262880793127,strong,D,R,0,0,0,0,-0.8387604813565992,-35.333333333333336,0,0,0,0,0
2009,satisfied_with_education,satisfied_with_education,8,45,44,1.0262554283092915,strong,D,D,1,1,1,1,-0.9225831431479932,22.54901960784314,0,0,0,0,0
2010,satisfied_with_education,satisfied_with_education,8,43,45,1.1075199984242812,strong,D,D,1,1,1,0,-0.24355460383009991,1.0576923076923077,0,0,0,0,0
2011,satisfied_with_education,satisfied_with_education,8,45,43,1.1887845685392708,strong,D,D,0,1,0,0,-0.3442717555949557,-2.5384615384615383,0,0,0,0,0
2012,satisfied_with_education,satisfied_with_education,8,44,45,1.2700491386542605,strong,D,D,0,1,0,0,-0.2268767098819415,2.509433962264151,0,0,0,0,0
2013,satisfied_with_education,satisfied_with_education,8,45,44,1.3513137087692495,strong,D,D,0,1,0,0,-0.07764204844971538,-0.17647058823529413,0,0,0,0,0
2014,satisfied_with_education,satisfied_with_education,8,48,45,1.1075199984242812,strong,D,D,0,1,0,0,0.11296245381495712,-9.566037735849056,0,0,0,0,0
2015,satisfied_with_education,satisfied_with_education,8,45,48,0.8637262880793127,strong,D,D,0,1,0,0,0.14653483773657572,-2.8846153846153846,0,0,0,0,0
2016,satisfied_with_education,satisfied_with_education,8,43,45,0.9449908581943024,strong,D,D,0,1,0,0,-0.3598666694166097,7.096153846153846,0,0,0,0,0
2017,satisfied_with_education,satisfied_with_education,8,47,43,1.0262554283092915,strong,D,R,1,0,0,1,-1.472303855361332,-15.403846153846152,0,0,0,0,0
2018,satisfied_with_education,satisfied_with_education,8,43,47,0.9449908581943024,strong,D,R,1,0,0,0,-1.5838508083912255,-14.490196078431373,0,0,0,0,0
2019,satisfied_with_education,satisfied_with_education,8,51,43,0.8637262880793127,strong,D,R,0,0,0,0,-1.849830727460562,-12.80952380952381,0,0,0,0,0
2020,satisfied_with_education,satisfied_with_education,8,50,51,0.43031524746603234,strong,D,R,0,0,0,0,-2.1820890302719347,-8.31578947368421,0,0,0,0,0
2021,satisfied_with_education,satisfied_with_education,8,46,50,-0.00309579314723883,strong,D,D,1,1,1,1,-1.6276032055019791,2.1538461538461537,0,0,0,0,0
2022,satisfied_with_education,satisfied_with_education,8,42,46,-0.4365068337605192,strong,D,D,1,1,1,0,-1.7348182380258583,-14.636363636363637,0,0,0,0,0
2023,satisfied_with_education,satisfied_with_education,8,36,42,-0.4365068337605192,strong,D,D,0,1,0,0,NA,-16.583333333333332,0,0,0,0,0
2024,satisfied_with_education,satisfied_with_education,8,43,36,-0.4365068337605192,strong,D,D,0,1,0,0,NA,-15.5,0,0,0,0,0
2025,satisfied_with_education,satisfied_with_education,8,35,43,NA,NA,D,R,1,0,0,1,NA,-7.75,0,0,0,0,0
1989,worry_about_ssa,ssa_will_pay_me_benefit,18,49,NA,-0.9405691519001323,strong,D,R,0,0,0,1,-0.7577535678941132,47.23076923076923,0,0,0,0,0
1990,worry_about_ssa,ssa_will_pay_me_benefit,18,48,49,-0.7704591261227296,strong,D,R,0,0,0,0,-0.4475880596634193,43.793103448275865,0,0,0,0,0
1991,worry_about_ssa,ssa_will_pay_me_benefit,18,49,48,-0.6566262940321472,strong,D,R,0,0,0,0,-0.6264963765618501,50.714285714285715,0,0,0,0,0
1992,worry_about_ssa,ssa_will_pay_me_benefit,18,49,49,-0.561547270043515,strong,D,R,0,0,0,0,-0.6925581642785829,-11.928571428571429,0,0,0,0,0
1994,worry_about_ssa,ssa_will_pay_me_benefit,18,47,49,-0.3785404008629049,strong,D,D,1,1,1,0,0.7727139468810829,0.3793103448275862,0,0,0,0,0
2000,worry_about_ssa,ssa_will_pay_me_benefit,18,49,47,0.622038207658595,strong,D,D,0,1,0,0,0.279957989321846,23.821428571428573,0,0,0,0,0
2001,worry_about_ssa,ssa_will_pay_me_benefit,18,52,49,0.8213937540204134,strong,D,R,0,0,0,1,0.45236842546125366,41.84848484848485,0,0,0,0,0
2005,worry_about_ssa,ssa_will_pay_me_benefit,18,45,52,1.4544858081047094,strong,D,R,1,0,0,0,-1.1400455525499595,-4.261904761904762,0,0,0,0,0
2010,worry_about_ssa,ssa_will_pay_me_benefit,18,36,45,1.5855959948693243,strong,D,D,1,1,1,0,-0.24355460383009991,1.0576923076923077,0,0,0,0,0
2015,worry_about_ssa,ssa_will_pay_me_benefit,18,45,36,1.1380191832022404,strong,D,D,0,1,0,0,0.14653483773657572,-2.8846153846153846,0,0,0,0,0
2023,worry_about_ssa,ssa_will_pay_me_benefit,18,50,45,0.17575323143838303,strong,D,D,0,1,0,0,NA,-16.583333333333332,0,0,0,0,0
2005,worry_about_ssa,worry_about_ssa,9,27,NA,1.4544858081047094,strong,D,R,1,0,0,0,-1.1400455525499595,-4.261904761904762,0,0,0,0,0
2006,worry_about_ssa,worry_about_ssa,9,20,27,1.6076502989852497,strong,D,R,1,0,0,0,-0.9269150636540092,-19.833333333333332,0,0,0,0,0
2007,worry_about_ssa,worry_about_ssa,9,23,20,1.6738265084962871,strong,D,R,0,0,0,0,-0.9117533418829558,-28.51851851851852,0,0,0,0,0
2008,worry_about_ssa,worry_about_ssa,9,24,23,1.7619148717163595,strong,D,R,0,0,0,0,-0.8387604813565992,-35.333333333333336,0,0,0,0,0
2010,worry_about_ssa,worry_about_ssa,9,21,24,1.5855959948693243,strong,D,D,1,1,1,0,-0.24355460383009991,1.0576923076923077,0,0,0,0,0
2011,worry_about_ssa,worry_about_ssa,9,22,21,1.5656399188280286,strong,D,D,0,1,0,0,-0.3442717555949557,-2.5384615384615383,0,0,0,0,0
2012,worry_about_ssa,worry_about_ssa,9,21,22,1.4289027947391757,strong,D,D,0,1,0,0,-0.2268767098819415,2.509433962264151,0,0,0,0,0
2013,worry_about_ssa,worry_about_ssa,9,24,21,1.3286403020102726,strong,D,D,0,1,0,0,-0.07764204844971538,-0.17647058823529413,0,0,0,0,0
2014,worry_about_ssa,worry_about_ssa,9,24,24,1.23276004887525,strong,D,D,0,1,0,0,0.11296245381495712,-9.566037735849056,0,0,0,0,0
2015,worry_about_ssa,worry_about_ssa,9,25,24,1.1380191832022404,strong,D,D,0,1,0,0,0.14653483773657572,-2.8846153846153846,0,0,0,0,0
2016,worry_about_ssa,worry_about_ssa,9,28,25,1.097760358113952,strong,D,D,0,1,0,0,-0.3598666694166097,7.096153846153846,0,0,0,0,0
2017,worry_about_ssa,worry_about_ssa,9,30,28,1.0538931557845153,strong,D,R,1,0,0,1,-1.472303855361332,-15.403846153846152,0,0,0,0,0
2018,worry_about_ssa,worry_about_ssa,9,27,30,0.933341012201167,strong,D,R,1,0,0,0,-1.5838508083912255,-14.490196078431373,0,0,0,0,0
2019,worry_about_ssa,worry_about_ssa,9,33,27,0.7981418219233614,strong,D,R,0,0,0,0,-1.849830727460562,-12.80952380952381,0,0,0,0,0
2020,worry_about_ssa,worry_about_ssa,9,31,33,0.705875595739174,strong,D,R,0,0,0,0,-2.1820890302719347,-8.31578947368421,0,0,0,0,0
2021,worry_about_ssa,worry_about_ssa,9,27,31,0.5911972680861509,strong,D,D,1,1,1,1,-1.6276032055019791,2.1538461538461537,0,0,0,0,0
2022,worry_about_ssa,worry_about_ssa,9,28,27,0.40690249892870783,strong,D,D,1,1,1,0,-1.7348182380258583,-14.636363636363637,0,0,0,0,0
2023,worry_about_ssa,worry_about_ssa,9,26,28,0.17575323143838303,strong,D,D,0,1,0,0,NA,-16.583333333333332,0,0,0,0,0
2024,worry_about_ssa,worry_about_ssa,9,32,26,0.03115130475701909,strong,D,D,0,1,0,0,NA,-15.5,0,0,0,0,0
2025,worry_about_ssa,worry_about_ssa,9,24,32,NA,NA,D,R,1,0,0,1,NA,-7.75,0,0,0,0,0
